legacy_url,normalized_path,title,topic,discovery_sources,http_status,index_visibility,seo_value,content_status,successor_url,action,verification_status,notes
https://www.huiwen.tw/,/,陳慧文 高雄市議員｜官方網站｜鳳山區,首頁與服務資訊,"live navigation; public search",200,public_search_confirmed,A,current,"https://www.huiwen.tw/",301,confirmed,"正式切換時由舊首頁永久轉址新首頁；此欄 successor 使用未來 canonical host"
https://www.huiwen.tw/?pvs=18,/?pvs=18,陳慧文,首頁 query variant,live internal link,200,not_confirmed,B,duplicate,"https://www.huiwen.tw/",301,confirmed,"移除 Notion pvs query；不得形成 redirect chain"
https://www.huiwen.tw/2cabd14680548086b565c9d13c3f0223?pvs=96,/2cabd14680548086b565c9d13c3f0223?pvs=96,服務案件／網站聯絡,服務與陳情聯絡,live navigation,200,not_confirmed,A,current,https://www.huiwen.tw/petition.html,先補新頁再301,partial,"舊頁同時含案件與網站聯絡資訊；正式切換前確認 petition/service 的承接範圍"
https://www.huiwen.tw/map?pvs=96,/map?pvs=96,陳慧文政績地圖,政績地圖,live navigation,200,not_confirmed,A,current,https://www.huiwen.tw/achievements.html,301,confirmed,"新站有文字清單與地圖替代入口"
https://www.huiwen.tw/2c8bd146805480508ec7dee2b2feffeb?pvs=96,/2c8bd146805480508ec7dee2b2feffeb?pvs=96,問政記錄,問政與議會紀錄,live navigation,200,not_confirmed,A,current,https://www.huiwen.tw/news.html,先補新頁再301,partial,"新站 news 保留官方議會索引與部分議題證據；正式切換前確認舊頁全量內容承接"
https://www.huiwen.tw/news?pvs=96,/news?pvs=96,新聞發稿／最新動態,新聞與動態,live navigation,200,not_confirmed,A,current,https://www.huiwen.tw/news.html,301,confirmed,"clean successor 已存在"
https://www.huiwen.tw/2c8bd14680548094b190f219067ee1ab?pvs=96,/2c8bd14680548094b190f219067ee1ab?pvs=96,關於慧文,人物介紹,live navigation,200,not_confirmed,A,current,https://www.huiwen.tw/about.html,301,confirmed,"同主題 successor 已存在"
https://www.huiwen.tw/laf,/laf,鳳山免費法律諮詢 - 陳慧文議員服務處,法律諮詢,"live navigation; public search",200,public_search_confirmed,A,current,https://www.huiwen.tw/service.html#monthly-heading,301,confirmed,"保留法律諮詢 intent 並直接到律師時間表"
https://www.huiwen.tw/2c8bd146805480c7ba4dcdbbc6ba9682,/2c8bd146805480c7ba4dcdbbc6ba9682,鳳山免費法律諮詢 - 陳慧文議員服務處,法律諮詢,public search,200,public_search_confirmed,A,current,https://www.huiwen.tw/service.html#monthly-heading,301,confirmed,"Notion UUID URL 與 /laf 同一主題；兩者皆直接到相符 section"
https://www.huiwen.tw/2c8bd146805480a9aa71e4ef74241b1e,/2c8bd146805480a9aa71e4ef74241b1e,陳慧文｜政見｜願景｜高雄市議員｜鳳山,政見與願景,public search,200,public_search_confirmed,A,current,https://www.huiwen.tw/vision.html,301,confirmed,"新站政見頁已依選舉公報建置歷屆內容"
https://www.huiwen.tw/2c8bd1468054809dbea0e5282e0d819a,/2c8bd1468054809dbea0e5282e0d819a,新聞發稿／最新消息 | 陳慧文 高雄市議員 鳳山區,新聞與動態,public search,200,public_search_confirmed,A,current,https://www.huiwen.tw/news.html,301,confirmed,"舊新聞集合頁對應新站新聞頁"
https://www.huiwen.tw/2c3423934b0f44c5bbcb7bef4268e25c?pvs=21,/2c3423934b0f44c5bbcb7bef4268e25c?pvs=21,陳慧文長期推動鳳山火車站重建與鳳山捷運站整合成果紀錄,鳳山車站與站城整合,public search,200,public_search_confirmed,A,reconciled,https://www.huiwen.tw/achievement-fengshan-station-overview.html,301,confirmed,"main e89ae544 已保留站城整合 hub 與 Phase 3 SEO metadata，並連回停車、站體與步道細分專題"
https://www.huiwen.tw/361bd1468054805dbaf6efe1dd3b3192,/361bd1468054805dbaf6efe1dd3b3192,「民主自由不是天上掉下來的」台灣美麗島事件｜高雄美麗島雜誌社舊址｜陳慧文議員,民主歷史與公共議題,public search,200,public_search_confirmed,B,reconciled,https://www.huiwen.tw/history-meilidao.html,301,confirmed,"main e89ae544 已保留美麗島歷史／人權獨立頁與 Phase 3 SEO metadata；正式切換前仍須核對 legacy 全量內容"
https://www.huiwen.tw/12-94d8f45d9d77442db517e752ec3e8107,/12-94d8f45d9d77442db517e752ec3e8107,"12 年前的那雙手，我們一直記得",熊本賑災與高雄交流,public search,200,public_search_confirmed,B,no_successor,,先補新頁再301,partial,"目前 main e89ae544 仍未含 kumamoto-relief.html；不得把舊本機頁面當成已發布 successor"
https://www.huiwen.tw/rehabilitationbus26,/rehabilitationbus26,陳慧文偕邱俊憲與湯詠瑜爭取 高雄特教復康巴士全額補助,特教交通與校園照護,public search,200,public_search_confirmed,A,reconciled,https://www.huiwen.tw/achievement-special-education-support.html,301,confirmed,"main e89ae544 已保留補助資格、審查、全額補助條件與 Phase 3 SEO metadata；共同倡議歸因與護理人力邊界保留"
https://www.huiwen.tw/260709,/260709,鳳山八德滯洪池已具蓄水功能，陳慧文與賴瑞隆共同視察,八德滯洪池與防汛,public search,200,public_search_confirmed,A,reconciled,https://www.huiwen.tw/achievement-bade-detention.html,301,confirmed,"main e89ae544 已保留8,350萬元總經費、7,289萬元原工程決標、2026-08-11變更設計決標與 Phase 3 SEO metadata；未宣稱整體完工"
https://www.huiwen.tw/7-12-38dbd1468054803f8e1ddc7550860f5c?pvs=21,/7-12-38dbd1468054803f8e1ddc7550860f5c?pvs=21,"高雄鳳山五福市場職人展開展，7 月 12 日前免費看攤商故事",五福市場職人展,public search,200,public_search_confirmed,B,current,https://www.huiwen.tw/activity-market.html,301,confirmed,"main e89ae544 已保留高度對應活動／地方故事專頁與 Phase 3 SEO metadata"
https://www.huiwen.tw/0?v=2c8bd1468054802084f7000c0a7c3064&pvs=18,/0?v=2c8bd1468054802084f7000c0a7c3064&pvs=18,導航列,Notion 內部導覽資料庫,live internal link,200,not_confirmed,D,not_public_content,,410,partial,"無獨立搜尋 intent；正式切換前再確認沒有外部連結或 Search Console 流量"
